1.wav|When I was younger, I always knew my parents were working hard for the family.
2.wav|There is no sandy beach, but if you like rocks and deep waters, it is the perfect place.
3.wav|It's a place where you see Earth for what it has come to be over the course of millions of years, not for the things we've done to it.
4.wav|I was having a bad day, it was around four P M and I was struggling to make things happen.
5.wav|If you can't stand the heat, get out of the kitchen and fire up the grill.
6.wav|Small incremental changes in your diet to increase whole-grain intake will make a difference over time.
7.wav|She opened the first red box, then she found our first super expensive rent bill.
8.wav|Okay, but I want the furniture in the living room to be yellow and dark blue.
9.wav|Afterwards, the teacher decided to do a class project to see what kind of impact the recognition would have on a community.
10.wav|It's hard to deny that tomatoes are the ideal summer food – and that's saying a lot in a season where so much produce is at its peak.
11.wav|We also recommend the grilled choices where you get a variety of fresh meat and fish dishes.
12.wav|You won't have to spend much time over the flame, but if you want a hot meal on a hot day, grilled dishes with tomatoes fit the bill.
13.wav|The two brightest planets in the sky, Venus and gas giant Jupiter, will get so close that they'll appear to collide and become one planet.
14.wav|He was just a guy who saw a dirty girl on the street who needed to eat.
15.wav|I don't often eat lunch at work, and tend to just work through the day and eat dinner when I get home.
16.wav|Fire up the grill, and give your peaches a little heat, to turn them into a sweetly charred accompaniment for a number of dishes.
17.wav|Instead, stir up a no-cook tomato sauce that practically explodes with the juiciness of fresh tomatoes.
18.wav|I reached in and pulled out a huge manila envelope that was bulky, but I couldn't tell what was in it.
19.wav|And that means going beyond benefits like vacation days and retirement plans, and considering things like the company's culture, manager expectations, job satisfaction and development, and work-life balance.
20.wav|You only think about the earth, but you should also consider the sky and the sea.
21.wav|They kept on walking until they found an oasis, where they decided to take a bath.
22.wav|Having complete focus on a recipe, and not allowing yourself to be distracted by your thoughts, can have a therapeutic effect.
23.wav|Yellowstone National Park also serves as a time capsule, a sort of 'land that time forgot' in terms of wildlife.
24.wav|Several methods to reduce livestock methane emissions are being tested, including adding seaweed to cattle diets.
25.wav|If being able to work from home is important to you, it's good to get a sense of a company's flexibility before getting too far along in the interview process.
26.wav|When it comes down to it, almost anything can be a salad or a sandwich – the potential combinations are endless.
27.wav|Turn it into the base for a Cobb salad with as many tomatoes and leftover fridge elements as you can handle.
28.wav|I may be scarce, but I am precious for I serve the needs of human life.
29.wav|Overnight oats are a trend that's not going away anytime soon, and summer is the ideal time to embrace this chilled-out breakfast dish.
30.wav|What was then said and thought still speaks to us as vividly as ever from the printed page.
31.wav|Although the occasion isn't going to turn us into smart savers, it sure is a good reminder.
32.wav|While my dog sniffed the ground, I opened my heart to the wonder of Nature's creation.
33.wav|I had forgotten to check the weather report for today, however, so I wasn't sure if I needed my light jacket or my heavy coat.
34.wav|And after that, the monkey climbed down from the tree and went to the riverside.
35.wav|I'm telling you, the charming, graceful sick person is just a myth, an urban legend.
36.wav|The chef is the mother of the family, and the majority of the ingredients used for the dishes are produced by the same family.
37.wav|Eating the whole grain, as our ancestors used to do, provides a host of benefits to the body that are lost when the grain is processed.
38.wav|Oh, it had been cold and snowy two days ago, and warm and rainy yesterday.
39.wav|Grilled peaches become the star of the show in a big saladYou say that you are rich and then you say that you do not want to draw the attention to yourself.
40.wav|The only effect of time has been to sift, like this quinoa, peach and summer vegetable salad that works as a main course.
41.wav| out the bad products, for nothing in literature can long survive but what is really good.
42.wav|One way to increase your chances of getting a lower rate, is to come prepared with information on other card offers that you have seen available, he said.
43.wav|This was matched by a dive downward by bassoons, bass clarinet, trombones and bass tuba.
44.wav|And if you want to pile on more ingredients, you'll find ways to make a tomato sandwich every day of the week.
45.wav|But it is very important to understand the fees, what the rate will be after the low-rate period ends and if there are any deadlines with balance transfer cards.
46.wav|Red is the colour of passion and of love, the red rose, the poinsettia and the poppy.
47.wav|Time is of no account with great thoughts, which are as fresh today as when they first passed through their author’s minds, ages ago.
48.wav|It is the water that is the basis of life and drawn up by the clouds from the deep sea.
49.wav|Here is another reason to get serious about saving – it is a new year.
50.wav|When they had all gone and come back, he called them together to describe what they had seen.
51.wav|You can experiment with these grains by incorporating them in small amounts into your morning bowl of oatmeal.
52.wav|The snow leopard appears to be doing well and is showing no additional symptoms, the zoo said.
53.wav|In addition to enjoying them raw and cooked in desserts, fresh peaches can be roasted, pickled, and even frozen for a burst of summer sunshine in the middle of winter.
54.wav|The flour in white breads, bagels, pastries and pasta has lost the grain's fibre-rich outer layer during the refining process.
55.wav|A single serving of whole grains is one slice of whole-grain bread, or a half cup of oats, or a half cup of brown rice.
56.wav|They helped finish off his birthday cake, while his other family enjoyed a cake too.
57.wav|It is so nice that every time you look at a sunflower, the whole world starts to smile.
58.wav|This blueberry coffee cake is my go-to recipe for all of our holiday get-togethers, because it's perfect for breakfast or dessert.
59.wav|I got dressed quickly because I knew both of my dogs would be eager to get outside for their morning walk.
60.wav|The dish is topped with crushed red and green chili, and you can heap it over rice, or scoop it all up with a buttered baguette.
61.wav|"Every week my father would call the boy and get a ""generic"" answering-machine message."
62.wav|Here's how you can maximize your peach perfection with recipe ideas for breakfast, lunch, dinner – and dessert, of course.
63.wav|Consuming fresh tomatoes with a source of fat, such as olive oil, is a great way to boost lycopene absorption, she said.
64.wav|I got the habit of visiting the church cemetery from my father, and of reading the newspaper, too.
65.wav|It was still dark outside, so I felt my way to the wall switch and turned on the light.
66.wav|As a restaurant owner I knew this thing was gold the moment I saw it.
67.wav|We all have our own methods of dealing with money, but here are a couple of saving tricks that will grow your money.
68.wav|In all of its sweet seasons here, it had never failed to touch my soul.
69.wav|I once saw nine different grizzly bears in one day and had almost forty bighorn sheep wander with me one day as I ate my lunch.
70.wav|"She wishes she can run into the ""business man"" who bought her lunches, and say something."
71.wav|The development is set to transform an old industrial site into an interconnected smart city.
72.wav|The monkey climbed up the tree and looked down at the river and the lake every day.
73.wav|But even this description is an understatement – the otherworldly nature of the area simply evokes awe.
74wav|Or simply drizzle them with balsamic vinegar and quality olive oil along with a sprinkling of flaky sea salt and serve as a fruit salad.
75.wav|People love it, as it was laden with blossoms that smelled so sweet and looked so beautiful.
76.wav|The book he gave me was really interesting despite the strange title it had.
77.wav|Then I thanked Nature for the love that created the moon, the stars, and me.
78.wav|While the oil heats, dredge the chops in the flour, batting off any extra, then in the egg, then in the bread crumbs.
79.wav|Books introduce us into the best society, they bring us into the presence of the greatest minds that have ever lived.
80.wav|Foil packet meals are quite possibly the easiest way to grill with very little mess and clean-up.
81.wav|I had a feeling I knew who had sent it, but didn't want to tell my mom.
82.wav|Reasonably priced salads, crepes, fresh fish and a large selection of ice cream are served.
83.wav|Baking is very good for focusing the mind because it often relies on very exact measurements.
84.wav|Lee says he steams his rolls the day before, and leaves them in the fridge to rest, so that they are crispier and browner when he fries them.
85.wav|First, she told each of them how they had made a difference to her and the class.
86.wav|I can still remember gazing endlessly at the photographs of granite peaks, roaring waterfalls and magnificent wildlife, and daydreaming about wandering in those landscapes.
87.wav|I truly witnessed a love that brought me to tears when I got home from work last night.
88.wav|To grill peaches, preheat a gas or charcoal grill to medium heat, halve and pit the peaches, then brush the cut halves with olive oil or vegetable oil.
89.wav|One day my little dog Milo escaped the fenced yard of a friend in Vancouver and ran off.
90.wav|As we know, men often discover their affinity to each other by the mutual love.
91.wav|Their experience becomes ours, and we feel as if we were, in a measure, actors with them in the scenes which they describe.
92.wav|It's worthwhile mentioning that just a few hundred metres away there is an access to the sea.
93.wav|They waited for me in a grocery store parking lot until I came to pick him up.
94.wav|As I told him my name was Angela, my mom handed me the soup ladle and hair net to start getting to work.
95.wav|He would rather sit and read the paper and drink a cup of coffee.
96.wav|I decided on my light jacket, pulled it on, and leashed up my bigger dog, Fluffy, to walk first.
97.wav|Add fresh sliced peaches to a mason jar with oats, milk and spices, and you've got a sweet peach cobbler-inspired treat waiting for you in the morning.
98.wav|Last Thursday, wildlife care specialists noticed the snow leopard had a cough and nasal discharge, the zoo said in a new release.
99.wav|The Park has been a global leader in establishing the range of possibilities and approaches to caring for wild animals and landscapes.
100.wav|Gave my twenty-eight-year-old self a snack and a juice box and it was the most caring thing I've ever had a boss do.
101.wav|Only by forgetting can you walk towards the kind of life that you want with lighter steps.
102.wav|A familiar man called me back saying he thought I left something in our mailbox.
103.wav|The place is quite remote and is perfect for a relaxed swim before going for your meal.
104.wav|It is perfect for families since the kids can safely run around and play in the garden.
105.wav|Try this recipe as a start, and pick and choose add-ins like roasted red peppers and marinated chickpeas to suit your tastes.
106.wav|It had heated my heart on the coldest days and lighted my spirit on the darkest nights.
107.wav|The paste adds umami, while coriander powder gives it an earthy lift, which balances the heaviness of the pork belly.
108.wav|But we can eat in the summer on the balcony and in the winter in the living room.
109.wav|The two reservoirs fed by the Colorado River watershed, provide a critical supply of drinking water and irrigation for many across the region, including rural farms, ranches and native communities.
110.wav|As well as dwellings, the proposal would also introduce comprehensive planting to strengthen all boundaries, and ensure the next generation of mature trees and hedgerows, will flourish on the site.
111.wav|Place salmon fillets on a piece of heavy-duty foil drizzled with olive oil and load them up with halved cherry tomatoes and herbs like rosemary, dill or cilantro.